"city_name","医院名字","lon","lat","sx","sy","医师_yisheng_count","副主任医师_yisheng_count","主任医师_yisheng_count","主治医师_yisheng_count","Sum","医师_yuyue_num","副主任医师_yuyue_num","主任医师_yuyue_num","主治医师_yuyue_num","Sum (right)","医师ratio","副主任医师ratio","主任医师ratio","主治医师ratio","ratio","医师pop_0-1_all10","医师pop_0-1_all20","医师pop_0-1_all30","医师pop_0-1_all40","医师pop_0-1_all50","医师pop_0-1_all60","医师pop_2-20_all10","医师pop_2-20_all20","医师pop_2-20_all30","医师pop_2-20_all40","医师pop_2-20_all50","医师pop_2-20_all60","医师pop_21-34_all10","医师pop_21-34_all20","医师pop_21-34_all30","医师pop_21-34_all40","医师pop_21-34_all50","医师pop_21-34_all60","医师pop_35-59_all10","医师pop_35-59_all20","医师pop_35-59_all30","医师pop_35-59_all40","医师pop_35-59_all50","医师pop_35-59_all60","医师pop_60-150_all10","医师pop_60-150_all20","医师pop_60-150_all30","医师pop_60-150_all40","医师pop_60-150_all50","医师pop_60-150_all60","医师pop_all_all10","医师pop_all_all20","医师pop_all_all30","医师pop_all_all40","医师pop_all_all50","医师pop_all_all60","副主任医师pop_0-1_all10","副主任医师pop_0-1_all20","副主任医师pop_0-1_all30","副主任医师pop_0-1_all40","副主任医师pop_0-1_all50","副主任医师pop_0-1_all60","副主任医师pop_2-20_all10","副主任医师pop_2-20_all20","副主任医师pop_2-20_all30","副主任医师pop_2-20_all40","副主任医师pop_2-20_all50","副主任医师pop_2-20_all60","副主任医师pop_21-34_all10","副主任医师pop_21-34_all20","副主任医师pop_21-34_all30","副主任医师pop_21-34_all40","副主任医师pop_21-34_all50","副主任医师pop_21-34_all60","副主任医师pop_35-59_all10","副主任医师pop_35-59_all20","副主任医师pop_35-59_all30","副主任医师pop_35-59_all40","副主任医师pop_35-59_all50","副主任医师pop_35-59_all60","副主任医师pop_60-150_all10","副主任医师pop_60-150_all20","副主任医师pop_60-150_all30","副主任医师pop_60-150_all40","副主任医师pop_60-150_all50","副主任医师pop_60-150_all60","副主任医师pop_all_all10","副主任医师pop_all_all20","副主任医师pop_all_all30","副主任医师pop_all_all40","副主任医师pop_all_all50","副主任医师pop_all_all60","主任医师pop_0-1_all10","主任医师pop_0-1_all20","主任医师pop_0-1_all30","主任医师pop_0-1_all40","主任医师pop_0-1_all50","主任医师pop_0-1_all60","主任医师pop_2-20_all10","主任医师pop_2-20_all20","主任医师pop_2-20_all30","主任医师pop_2-20_all40","主任医师pop_2-20_all50","主任医师pop_2-20_all60","主任医师pop_21-34_all10","主任医师pop_21-34_all20","主任医师pop_21-34_all30","主任医师pop_21-34_all40","主任医师pop_21-34_all50","主任医师pop_21-34_all60","主任医师pop_35-59_all10","主任医师pop_35-59_all20","主任医师pop_35-59_all30","主任医师pop_35-59_all40","主任医师pop_35-59_all50","主任医师pop_35-59_all60","主任医师pop_60-150_all10","主任医师pop_60-150_all20","主任医师pop_60-150_all30","主任医师pop_60-150_all40","主任医师pop_60-150_all50","主任医师pop_60-150_all60","主任医师pop_all_all10","主任医师pop_all_all20","主任医师pop_all_all30","主任医师pop_all_all40","主任医师pop_all_all50","主任医师pop_all_all60","主治医师pop_0-1_all10","主治医师pop_0-1_all20","主治医师pop_0-1_all30","主治医师pop_0-1_all40","主治医师pop_0-1_all50","主治医师pop_0-1_all60","主治医师pop_2-20_all10","主治医师pop_2-20_all20","主治医师pop_2-20_all30","主治医师pop_2-20_all40","主治医师pop_2-20_all50","主治医师pop_2-20_all60","主治医师pop_21-34_all10","主治医师pop_21-34_all20","主治医师pop_21-34_all30","主治医师pop_21-34_all40","主治医师pop_21-34_all50","主治医师pop_21-34_all60","主治医师pop_35-59_all10","主治医师pop_35-59_all20","主治医师pop_35-59_all30","主治医师pop_35-59_all40","主治医师pop_35-59_all50","主治医师pop_35-59_all60","主治医师pop_60-150_all10","主治医师pop_60-150_all20","主治医师pop_60-150_all30","主治医师pop_60-150_all40","主治医师pop_60-150_all50","主治医师pop_60-150_all60","主治医师pop_all_all10","主治医师pop_all_all20","主治医师pop_all_all30","主治医师pop_all_all40","主治医师pop_all_all50","主治医师pop_all_all60","Sumpop_0-1_all10","Sumpop_0-1_all20","Sumpop_0-1_all30","Sumpop_0-1_all40","Sumpop_0-1_all50","Sumpop_0-1_all60","Sumpop_2-20_all10","Sumpop_2-20_all20","Sumpop_2-20_all30","Sumpop_2-20_all40","Sumpop_2-20_all50","Sumpop_2-20_all60","Sumpop_21-34_all10","Sumpop_21-34_all20","Sumpop_21-34_all30","Sumpop_21-34_all40","Sumpop_21-34_all50","Sumpop_21-34_all60","Sumpop_35-59_all10","Sumpop_35-59_all20","Sumpop_35-59_all30","Sumpop_35-59_all40","Sumpop_35-59_all50","Sumpop_35-59_all60","Sumpop_60-150_all10","Sumpop_60-150_all20","Sumpop_60-150_all30","Sumpop_60-150_all40","Sumpop_60-150_all50","Sumpop_60-150_all60","Sumpop_all_all10","Sumpop_all_all20","Sumpop_all_all30","Sumpop_all_all40","Sumpop_all_all50","Sumpop_all_all60"
"深圳","北京大学深圳医院",114.05641499999999,22.560918,114.05641499999999,22.560918,22,281,402,191,896,1061,64396,83929,25483,174869,48.22727272727273,229.16725978647688,208.77860696517413,133.41884816753927,195.16629464285714,0.5453550727272728,0.5453550727272728,0.957408040909091,2.3736140381818185,2.3736140381818185,2.9937804607272733,2.5677666636363634,2.5677666636363634,4.507889568181818,11.175997595454545,11.175997595454545,14.096008340363635,3.725594863636364,3.725594863636364,6.540535977272727,16.215351568181816,16.215351568181816,20.452020393636364,4.048682618181818,4.048682618181818,7.107738645454545,17.62156528181818,17.62156528181818,22.22564283909091,0.8814814504545455,0.8814814504545455,1.5475008318181818,3.8365770245454542,3.8365770245454542,4.838979367818182,11.768880668636365,11.768880668636365,20.661073063636366,51.22310550818182,51.22310550818182,64.60643140163637,0.0426968384341637,0.0426968384341637,0.07495721316725978,0.18583455103202848,0.18583455103202848,0.24394087222219885,0.201035112455516,0.201035112455516,0.3529308558718861,0.8749891355871886,0.8749891355871886,1.1485787321653436,0.2916835836298932,0.2916835836298932,0.5120704323843417,1.2695293042704625,1.2695293042704625,1.6664828160100231,0.31697871032028474,0.31697871032028474,0.5564777587188612,1.379624328113879,1.379624328113879,1.8110020991492766,0.06901278259786477,0.06901278259786477,0.1211566487544484,0.30037257843416365,0.30037257843416365,0.39429238840384084,0.9214070274377225,0.9214070274377225,1.6175929088967975,4.010349897437723,4.010349897437723,5.264296907950683,0.02984530248756219,0.02984530248756219,0.052395464925373135,0.12989927572139304,0.12989927572139304,0.17140572792630254,0.14052454378109452,0.14052454378109452,0.24670042412935322,0.6116217589552239,0.6116217589552239,0.8070520198152096,0.203888276119403,0.203888276119403,0.3579397798507463,0.8874072997512438,0.8874072997512438,1.1709587554835712,0.22156969552238806,0.22156969552238806,0.3889807218905472,0.9643642691542288,0.9643642691542288,1.2725056291099446,0.048240278383084575,0.048240278383084575,0.08468910024875623,0.20996192671641792,0.20996192671641792,0.2770506362407742,0.6440680962935325,0.6440680962935325,1.1307054910447762,2.803254530298508,2.803254530298508,3.698972768575803,0.06281576753926701,0.06281576753926701,0.1102773659685864,0.27340056984293193,0.27340056984293193,0.35370474676108327,0.29576369947643977,0.29576369947643977,0.5192333534031413,1.2872876811518323,1.2872876811518323,1.6653943475761797,0.429126109947644,0.429126109947644,0.7533601649214661,1.867736829842932,1.867736829842932,2.416335061377076,0.46634040628272255,0.46634040628272255,0.8186924094240837,2.0297090900523562,2.0297090900523562,2.6258823831971077,0.10153189481675393,0.10153189481675393,0.17824616910994764,0.4419093954973822,0.4419093954973822,0.5717085787867716,1.3555778780628274,1.3555778780628274,2.3798094628272253,5.900043566387435,5.900043566387435,7.633025117698218,0.013390414732142858,0.013390414732142858,0.02350778671875,0.05828070183035715,0.05828070183035715,0.07625825455512458,0.0630478421875,0.0630478421875,0.11068478850446428,0.2744106552455357,0.2744106552455357,0.3590567195365267,0.09147665959821429,0.09147665959821429,0.16059351729910715,0.39814479296875,0.39814479296875,0.5209584996520366,0.09940961785714286,0.09940961785714286,0.1745203685267857,0.4326723618303572,0.4326723618303572,0.5661366126181782,0.02164351775669643,0.02164351775669643,0.03799667220982143,0.09420166801339286,0.09420166801339286,0.12325957945875017,0.28896805213169646,0.28896805213169646,0.5073031332589286,1.257710179888393,1.257710179888393,1.6456696658206165
"深圳","深圳市妇幼保健院",114.100807,22.555649,114.100807,22.555649,5,119,77,66,267,1,50,6,14,71,0.2,0.42016806722689076,0.07792207792207792,0.21212121212121213,0.26591760299625467,10.9952487,21.992584640000004,42.026384619999995,52.87548844,82.56453722,144.34414879999997,53.20740012,106.42490092000001,203.37099572,255.87118188,399.54024752000004,697.8512947999998,74.4870994,148.9883392,284.7069306,358.20397340000005,559.3318608000001,978.1395031999998,80.18848978000001,160.39220208,306.49896379999996,385.6216157199999,602.1442303599999,1053.3531861,16.14402946,32.291123834,61.706216567999995,77.63566527999998,121.22730176,212.671155406,235.02226746,470.089150674,898.3094913079999,1130.20792472,1764.80817766,3086.359288306,0.4619852394957983,0.9240581781512605,1.765814479831933,2.2216591781512607,3.4690982025210078,6.064880201680671,2.235605047058824,4.471634492436975,8.544999820168067,10.750889994957983,16.787405357983193,29.32148297478992,3.1297100588235294,6.260014252100841,11.962476075630251,15.050587117647057,23.501338689075634,41.09829845378151,3.3692642764705885,6.739168154621849,12.87810772268908,16.202588895798325,25.300177746218484,44.25853723109244,0.6783205655462186,1.3567699089915968,2.59269817512605,3.2620027428571423,5.093584107563027,8.935762832184873,9.874885187394957,19.751644986302516,37.74409627344538,47.48772792941176,74.15160410336135,129.67896169352943,0.7139771883116883,1.4280899116883117,2.728986014285714,3.433473275324675,5.361333585714285,9.372996675324671,3.455025981818182,6.910707851948052,13.205908812987014,16.61501181038961,25.94417191688312,45.315019142857146,4.8368246363636365,9.67456748051948,18.487463025974026,23.259998272727273,36.3202507012987,63.515552155844155,5.207044790909091,10.415078057142857,19.90253011688312,25.040364657142863,39.1002746987013,68.39955753896103,1.0483136012987013,2.0968262229870125,4.0068971797402595,5.041276966233765,7.871902711688311,13.809815286103897,15.261186198701298,30.52526952428571,58.33178514987012,73.39012498181818,114.59793361428572,200.4129407990909,0.8329733863636364,1.666104896969697,3.1838170166666666,4.005718821212121,6.254889183333335,10.935162787878784,4.030863645454546,8.062492493939393,15.406893615151516,19.384180445454547,30.268200569696976,52.86752233333333,5.642962075757575,11.286995393939394,21.568706863636365,27.136664651515147,42.37362581818182,74.10147751515149,6.07488558939394,12.1509244,23.219618469696975,29.213758766666672,45.61698714848486,79.79948379545455,1.223032534848485,2.4462972601515154,4.674713376363637,5.881489793939394,9.183886496969698,16.111451167121214,17.80471723181818,35.612814445,68.05374934151514,85.62181247878789,133.69758921666664,233.81509759893936,0.20590353370786518,0.4118461543071161,0.7870109479400749,0.9901776861423222,1.5461523823970036,2.7030739475655423,0.9963932606741573,1.9929756726591763,3.8084456127340833,4.791595166292136,7.482027107116105,13.068376307116104,1.394889501872659,2.7900438052434455,5.331590460674158,6.707939576779027,10.474379415730336,18.317219161048687,1.5016571119850188,3.0035992898876405,5.739680970037453,7.221378571535579,11.276109182771537,19.725715095505617,0.3023226490636704,0.6047026935205992,1.155547126741573,1.4538514097378274,2.270174190262172,3.9826059064794004,4.401166057303371,8.803167615617976,16.822275118127337,21.164942410486887,33.04884227827716,57.79699041771534
"深圳","深圳市宝安中医院（集团）",113.90599399999999,22.577624,113.90599399999999,22.577624,15,78,73,88,254,1488,15336,19524,10451,46799,99.2,196.6153846153846,267.45205479452056,118.76136363636364,184.248031496063,5.8656132533333345,11.826439360000002,21.559527826666667,32.92397204666668,65.3140216,102.10420133666666,41.065082540000006,82.79674878,150.93797551999998,230.50030413999994,457.2626232666667,695.1162989200001,57.6915106,116.31949166666669,212.0497342,323.82525333333325,642.3990856666665,983.9473715333331,38.58465757333334,77.79563598,141.82097634666667,216.57755719333338,429.64291259333334,671.61107462,3.924389842666667,7.912481837999999,14.424406800666667,22.027790830000004,43.698360781333314,71.08788731333334,147.13125380933334,296.65079762466667,540.7926206940001,825.8548775433336,1638.317003908,2523.866833723335,1.1280025487179488,2.2743152615384616,4.146063043589743,6.331533085897435,12.560388769230768,19.63542333397435,7.897131257692308,15.92245168846154,29.026533753846156,44.32698156538462,87.93511985897435,133.67621133076918,11.094521269230768,22.36913301282051,40.77879503846153,62.274087179487175,123.53828570512825,189.22064837179488,7.420126456410256,14.96069922692308,27.27326468205128,41.64953022948717,82.62363703717946,129.15597588846154,0.7546903543589744,1.5216311226923076,2.77392438474359,4.236113621153845,8.40353091948718,13.670747560256407,28.294471886410257,57.048230312435905,103.9985809026923,158.81824568141025,315.0609622900002,485.3590064852563,1.205262997260274,2.4300902794520547,4.430039964383561,6.76519973561644,13.420689369863014,20.98031534315069,8.43803065890411,17.01303057123288,31.014652504109588,47.363076193150704,93.95807327397266,142.8321162164384,11.85441998630137,23.901265410958903,43.571863191780814,66.53943561643835,131.99981212328765,202.1809667534247,7.9283542958904105,15.985404653424657,29.141296509589036,44.50223777945205,88.28279025890414,138.00227560684934,0.806381474520548,1.6258524324657535,2.963919205616439,4.526258389726029,8.979115229041096,14.60710013287671,30.232449412876715,60.955643347534256,111.12177137547944,169.69620771438355,336.6404802550684,518.6027740527396,0.999820440909091,2.0158703454545455,3.674919515909091,5.612040689772727,11.133071863636367,17.40412522784091,6.999729978409091,14.11308217840909,25.72806400909091,39.28982456931818,77.94249260227274,118.48573277045452,9.83378021590909,19.827186079545456,36.14484105681818,55.19748636363637,109.49984414772727,167.71830196590903,6.576930268181819,13.26061976931818,24.17403005909091,36.91662906704546,73.23458737386363,114.47916044659097,0.6689300868181819,1.3487184951136364,2.458705704659091,3.7547370732954555,7.44858422409091,12.117253519318181,25.079190990227275,50.565476867840914,92.18056034556818,140.77071776306818,279.2585802115909,430.20457393011355,0.3463944834645669,0.6984117732283465,1.2732004622047246,1.9443290578740158,3.8571272598425184,6.0297756694881866,2.425103299606299,4.889571778346458,8.913659971653546,13.612222685433073,27.003698224409447,41.050175133070894,3.4069789724409447,6.869261318897639,12.522622098425197,19.12353858267717,37.93695387795277,58.10712824015748,2.2786215102362206,4.594230471259841,8.375254508661419,12.79001322007874,25.3726129484252,39.66207133582675,0.2317553056692913,0.46727254948818897,0.8518350472834644,1.3008537891732281,2.580611857165355,4.1981035814960626,8.688853571417324,17.51874789122047,31.93657208822835,48.77095733523621,96.75100416779532,149.0472539600394
"深圳","深圳市人民医院龙华分院",114.03056299999999,22.670749,114.03056299999999,22.670749,7,44,39,97,187,1176,5971,2435,8215,17797,168,135.70454545454547,62.43589743589744,84.69072164948453,95.1711229946524,13.19314091142857,13.19314091142857,20.138653715714288,22.12835858857143,41.438419268571415,57.626823577142865,92.36500908571428,92.36500908571428,140.99045505714284,154.92035365714287,290.1098395428572,403.44464968571435,129.76174835714284,129.76174835714284,198.0746617857143,217.64449635714286,407.56949192857144,566.7912933571429,86.78595117142856,86.78595117142856,132.47430848571426,145.56280897142855,272.5865401714285,379.0756683857142,8.826873917142857,8.826873917142857,13.473770874285716,14.80498338714286,27.724383791428583,38.55523933142858,330.9327234428572,330.9327234428572,505.1518499185715,555.0610009614287,1039.4286747028573,1445.4936743371436,2.0989087813636362,2.0989087813636362,3.2038767275000004,3.520420684545455,6.592475792727273,9.16790375090909,14.694433263636364,14.694433263636364,22.43029966818182,24.6464199,46.1538381090909,64.18437608636361,20.64391451136364,20.64391451136364,31.51187801136364,34.62526078409091,64.84060098863635,90.17134212499998,13.806855868181817,13.806855868181817,21.07545816818182,23.157719609090915,43.36604048181819,60.30749269772727,1.4042753959090908,1.4042753959090908,2.143554457272727,2.3553382661363633,4.410697421363635,6.133788075454547,52.64838782045455,52.64838782045455,80.3650670325,88.30515924386364,165.3636527936364,229.96490273545461,2.3679996507692307,2.3679996507692307,3.6146301541025645,3.97175666974359,7.437664996923075,10.343276026666668,16.578334964102567,16.578334964102567,25.305979112820516,27.806217323076925,52.07099684102566,72.4131422512821,23.290570217948716,23.290570217948716,35.55186237179487,39.064396782051276,73.15349855128206,101.73177060256413,15.576965594871792,15.576965594871792,23.77743998461538,26.126658020512817,48.92578926153846,68.03922253076922,1.5843107030769232,1.5843107030769232,2.418369131282051,2.657304710512821,4.976171449743591,6.920171162051284,59.398181130769245,59.398181130769245,90.66828075461538,99.62633350589743,186.56412110051278,259.44758257333336,0.9520823338144331,0.9520823338144331,1.4533049073195876,1.5968918569072166,2.9904013905154634,4.158636752989691,6.665516119587631,6.665516119587631,10.174568921649488,11.179819336082478,20.935761616494844,29.11456234845361,9.3642498814433,9.3642498814433,14.294047757731958,15.706303860824741,29.412231376288652,40.90246446907216,6.262903692783505,6.262903692783505,9.560001643298968,10.504532606185567,19.67119362061856,27.355976069072167,0.6369909012371133,0.6369909012371133,0.9723339806185566,1.0684008629896906,2.000728727216495,2.782336858969073,23.881742928865975,23.881742928865975,36.454257210618564,40.055948522989695,75.01031673113401,104.31397649855668,0.4938608897326203,0.4938608897326203,0.7538533476470588,0.8283342787165775,1.551170774759358,2.157153823743315,3.4575137090909096,3.4575137090909096,5.277717568983958,5.799157623529412,10.859726613903746,15.102206137967919,4.8573916497326195,4.8573916497326195,7.414559532085561,8.147120184491978,15.256611997326209,21.216786382352936,3.248671968983957,3.248671968983957,4.958931333689839,5.448875202139037,10.203774231016041,14.18999828181818,0.33041774021390374,0.33041774021390374,0.5043657546524064,0.554197239090909,1.0378111579679143,1.4432442530481284,12.387855957754011,12.387855957754011,18.90942753705882,20.777684527967917,38.90909477497326,54.10938887893047
"深圳","深圳市龙岗区人民医院",114.23515900000001,22.732799,114.23515900000001,22.732799,12,87,64,71,234,331,6275,3296,3006,12908,27.583333333333332,72.1264367816092,51.5,42.33802816901409,55.162393162393165,4.196528691666667,6.8728317924999995,15.953122656428569,13.117651471666665,23.75138696714285,31.10836998535714,20.677041066666668,33.863660949999996,78.60386471904764,64.63299525714287,117.02729546904762,153.27645605833328,27.627743791666667,45.24711945833334,105.0269912857143,86.35973633333333,156.3666730833333,204.8011904095238,24.947802141666667,40.85806623333333,94.83918226428571,77.98268480714287,141.19882154880952,184.93510312619046,3.2201064041666667,5.273703896666667,12.241248955714282,10.065517637142856,18.225061460119047,23.870267343095243,80.66922209583333,132.11538233083337,306.66440988119047,252.15858550642858,456.5692385284524,597.9913869224999,0.5788315436781609,0.9479767989655171,2.2378871596739813,1.9143412313814,3.4195203150637417,4.472126277452458,2.8520056643678164,4.6708497862068965,11.026466942027168,9.432298765182862,16.84858298959248,22.034959312915365,3.810723281609195,6.240981994252873,14.733075168234063,12.603018490282132,22.51232805768025,29.442133604388715,3.4410761574712643,5.6355953425287355,13.303940102152561,11.380502774754442,20.32859131755486,26.58619319339603,0.4441526074712644,0.7274074340229885,1.717189446140021,1.46892417969488,2.623887522789968,3.4315796642340635,11.1267892545977,18.22281135597701,43.018558818227795,36.79908544129572,65.73291020268131,85.96699205238662,0.7868491296875,1.2886559610937498,3.1585441736746325,2.928683366233456,5.094312091402574,6.642836831251838,3.8769452000000006,6.349436428125,15.562707342757351,14.430142373511027,25.100579089283084,32.73043519922795,5.1802019609375005,8.4838348984375,20.794198023897057,19.280915039705885,33.538278610018374,43.7329532712316,4.6777129015625,7.66088741875,18.777123025238968,17.410631227702204,30.285004639430152,39.49077740917279,0.6037699507812501,0.988819480625,2.4236336929283087,2.247255473904412,3.9089991299264706,5.097222745130515,15.125479142968748,24.771634187031257,60.716206258496335,56.29762748105699,97.92717356006067,127.69422545601472,0.7092724549295775,1.1616053733802818,2.7247071255910633,2.296701081771734,4.1231155733288,5.395252233743565,3.4947111661971832,5.723435653521126,13.425115254239923,11.316253559844586,20.315321595415245,26.583364617552213,4.669477823943662,7.647400471830987,17.938042459446333,15.120275174745023,27.14443016940263,35.51951068411851,4.21652993943662,6.90558865915493,16.198019741738708,13.653580980359397,24.51137110301118,32.07405366290432,0.544243335915493,0.8913302360563381,2.090739159710539,1.7623189101660999,3.1637745972268085,4.139918396856725,13.634234720422535,22.329360393943663,52.37662374072658,44.14912970688684,79.25801303838466,103.71209959517536,0.21520659957264957,0.35245291243589744,0.8356919394680851,0.7219946497354063,1.2853671652254957,1.6804160265130026,1.0603610803418804,1.7365979974358978,4.117602402309511,3.557395689025277,6.33323196302055,8.279707789234406,1.4168073739316238,2.3203651004273507,5.501757364793599,4.753234048372431,8.462183181351156,11.062977674295327,1.279374468803419,2.0952854478632483,4.968076901918531,4.2921617011002,7.641336032287689,9.989848755400983,0.16513366175213678,0.2704463536752137,0.6412483187570468,0.5540054099108929,0.9862959001182032,1.2894272447163118,4.136883184401709,6.775147811837607,16.064376927246773,13.87879149814421,24.708414242003094,32.30237749016003
"深圳","深圳市罗湖区人民医院",114.128378,22.544583,114.128378,22.544583,43,88,80,104,315,2693,3581,5380,5042,16696,62.627906976744185,40.69318181818182,67.25,48.48076923076923,53.00317460317461,1.112759476744186,2.4570956209302324,7.173692725348837,10.64144703853924,15.358970120210751,24.821206616082854,5.3847839813953495,11.890196755813951,34.714407353488376,51.49530936718751,74.32400081820498,120.11296114818317,7.5383674186046505,16.645546581395347,48.598042558139525,72.09027702107558,104.04904595094474,168.15078432485464,8.115369244186047,17.919629930232556,52.317833202325595,77.60820978088663,112.01316615319766,181.02137847325574,1.6338349713953488,3.607687758139535,10.532941154418605,15.624552067768896,22.551165033550152,36.44431386332486,23.785115092325583,52.52015664651163,153.33691699372096,227.45979527545794,328.2963480761083,530.5506444257011,0.5437347443181818,1.2006262693181817,3.5053271271590902,5.226349348092105,7.544912719379985,12.231274795241223,2.6312012636363638,5.809982505681819,16.962721775000002,25.290966125,36.510787818600484,59.188687200338926,3.683520443181818,8.133619352272728,23.746770795454548,35.405802520135566,51.11286525887161,82.86053461991628,3.9654645170454543,8.756182806818183,25.564395769318185,38.11583285287081,55.0251452747807,89.20284409782697,0.7983511792045455,1.7628474272727275,5.146778064090909,7.6737089627292665,11.07799354862241,17.958853671184215,11.622272147386363,25.66325836136364,74.92599353102273,111.71265980882775,161.27170462025518,261.4421943845076,0.59810821875,1.3206888962499999,3.855859839875,5.761943901660714,8.31890900279847,13.50454471317602,2.8943213900000004,6.390980756249999,18.6589939525,27.882775974744895,40.25625382165816,65.35020152900509,4.0518724875,8.9469812875,26.121447874999998,39.034177461479594,56.35628810880102,91.48627706160714,4.36201096875,9.6318010875,28.120835346249997,42.021930805816325,60.66991010405613,98.4888179580357,0.878186297125,1.9391321700000002,5.6614558705,8.46010812071684,12.214431590369905,19.828361839117346,12.784499362125,28.229584197500003,82.41859288412499,123.16093626441837,177.81579262768366,288.6582031009415,0.46008324519230764,1.015914535576923,2.966046030673077,4.41942017288251,6.379829221000141,10.33841480391143,2.226401069230769,4.916139043269232,14.353072271153847,21.386133692658614,30.872801272606676,50.028898068002526,3.1168249903846155,6.882293298076924,20.09342144230769,29.939276437464905,43.22002963773862,70.03739120532705,3.3553930528846156,7.409077759615384,21.631411804807698,32.23088802428411,46.52817637073974,75.39819188115527,0.6755279208653846,1.4916401307692306,4.35496605423077,6.488916437047305,9.367332609383073,15.179617968280468,9.834230278557694,21.715064767307695,63.39891760317308,94.46463476433749,136.36816911146835,220.98251392667657,0.1519005,0.335413053015873,0.979265991079365,1.4593761306919555,2.106756627805758,3.4143470081920912,0.7350657498412698,1.623106223809524,4.738792114920635,7.0621058460317485,10.194862032682273,16.522457425219255,1.029046980952381,2.2722492158730154,6.634018507936507,9.886515355878396,14.272182019182138,23.130427793731503,1.1078123095238095,2.4461717047619045,7.141799453015873,10.643248845725045,15.364603119230562,24.900876561447397,0.22303144053968252,0.49247801142857145,1.4378300623492064,2.1427629398983052,3.0932944090018837,5.013194399569008,3.246856980857143,7.169418208888889,20.93170612930159,31.194009118225452,45.03169820790264,72.98130318815925
"深圳","广州中医药大学深圳医院",114.04923400000001,22.564504,114.04923400000001,22.564504,28,57,53,87,225,1221,4203,5912,6913,18249,43.607142857142854,73.73684210526316,111.54716981132076,79.45977011494253,81.10666666666667,0.794275795,0.794275795,3.338291213571428,5.3862491528571415,6.745406989642855,10.542831675499995,3.7397926714285714,3.7397926714285714,15.718113267857142,25.360781649999996,31.760282353571426,49.64019411828572,5.426097642857142,5.426097642857142,22.805546982142857,36.79617807142857,46.08126907142857,72.0233878157143,5.896655053571429,5.896655053571429,24.78327005357143,39.987184496428576,50.077489210714305,78.26933759785715,1.2838229964285715,1.2838229964285715,5.395827313928571,8.706032085,10.902898832857145,17.04084383957143,17.140644159285717,17.140644159285717,72.04104883107144,116.2364254557143,145.5673464582143,227.51659504692861,0.3901705659649123,0.3901705659649123,1.6398623505263157,2.645876776842105,3.3135332580701755,5.131843367641441,1.8370911368421052,1.8370911368421052,7.721178447368421,12.457927828070178,15.60154220877193,24.162929737921726,2.66545147368421,2.66545147368421,11.202724833333331,18.075315543859645,22.636412877192978,35.05820414388042,2.8966024824561405,2.8966024824561405,12.174237921052631,19.642827471929824,24.59946838421053,38.098491321737775,0.6306498929824562,0.6306498929824562,2.650581838421053,4.27664734,5.355809952982456,8.294824779974046,8.419965551929826,8.419965551929826,35.38858539070175,57.09859496070176,71.50676668122807,110.74629335115542,0.41961740113207546,0.41961740113207546,1.7636255467924529,2.845565590188679,3.563611239811321,5.512402913653328,1.9757395245283018,1.9757395245283018,8.303908896226416,13.398148796226415,16.779017092452833,25.954768053477093,2.866617622641509,2.866617622641509,12.0482135,19.439490301886796,24.34482139622642,37.65799788293592,3.115213990566038,3.115213990566038,13.093048330188681,21.12530501698113,26.456032035849056,40.92374211882647,0.6782461113207547,0.6782461113207547,2.850625750754717,4.599413176981132,5.76002202490566,8.909939959079411,9.05543465018868,9.05543465018868,38.05942202396226,61.40792288226416,76.90350378924529,118.95885092797222,0.2556289914942529,0.2556289914942529,1.0743925744827587,1.7335054744827583,2.170935582873563,3.3736189703291153,1.2036114344827586,1.2036114344827586,5.058703120689656,8.162090645977012,10.221700067816096,15.884451705895978,1.7463302758620687,1.7463302758620687,7.339716270114942,11.842448114942526,14.830753264367814,23.046888629620437,1.897774040229885,1.897774040229885,7.976224844827586,12.869438688505745,16.116893079310344,25.04554091964773,0.41318441264367817,0.41318441264367817,1.7365881010344828,2.801941360689655,3.508978934712643,5.452929138525593,5.516529154712645,5.516529154712645,23.18562491114943,37.409424284597705,46.849260929080465,72.80342936401884,0.09884321004444445,0.09884321004444445,0.41543179546666664,0.6702887834666666,0.8394284253777777,1.301044715416037,0.4653964213333333,0.4653964213333333,1.9560318733333333,3.1560083831111108,3.9523906928888883,6.125879102645654,0.6752477066666667,0.6752477066666667,2.8380236244444443,4.579079937777777,5.734557928888889,8.888091074719002,0.7338059622222222,0.7338059622222222,3.0841402733333334,4.9761829595555565,6.231865324000001,9.658876401307166,0.15976463955555556,0.15976463955555556,0.6714807324000001,1.0834173261333333,1.3568051880888892,2.102935957355377,2.1330579398222227,2.1330579398222227,8.965108298977778,14.464977390044446,18.11504755924445,28.076827251443245
"深圳","中山大学附属第八医院(深圳福田)",114.08695700000001,22.545295,114.08695700000001,22.545295,14,150,143,90,397,572,5063,6564,1486,13685,40.857142857142854,33.75333333333333,45.9020979020979,16.511111111111113,34.47103274559194,2.120181257142857,5.328769392857142,5.328769392857142,8.493192357142856,12.788184492857143,26.722235542857142,9.982726757142856,25.09014217142857,25.09014217142857,39.98960855714286,60.21228193571428,125.81979787142859,14.48402492857143,36.403504857142856,36.403504857142856,58.021270071428575,87.36252192857143,182.55303599999996,15.740095964285715,39.56045805714285,39.56045805714285,63.0529405,94.93869912857144,198.38424223571425,3.426942459285714,8.61312495142857,8.61312495142857,13.72792136,20.670106475714284,43.19232769714285,45.753971366428566,114.99599943,114.99599943,183.2849328457143,275.9717939614286,576.6716393471428,0.197883584,0.49735181,0.49735181,0.7926979533333334,1.193563886,2.4940753173333334,0.931721164,2.341746602666667,2.341746602666667,3.732363465333333,5.6198129806666675,11.743181134666665,1.3518423266666666,3.397660453333333,3.397660453333333,5.41531854,8.15383538,17.038283359999998,1.4690756233333333,3.6923094186666665,3.6923094186666665,5.884941113333333,8.860945252,18.515862608666666,0.3198479628666666,0.8038916621333333,0.8038916621333333,1.2812726602666666,1.9292099377333334,4.0312839184,4.270370660866666,10.7329599468,10.7329599468,17.106593732266667,25.7573674364,53.822686339066664,0.207570193006993,0.5216977027972027,0.5216977027972027,0.8315013496503497,1.2519900902097902,2.61616292027972,0.9773298923076923,2.4563775552447553,2.4563775552447553,3.9150665720279725,5.89490872097902,12.31802216923077,1.4180164265734265,3.5639794965034968,3.5639794965034968,5.680404062937063,8.552974174825174,17.872325202797207,1.540988416083916,3.8730518377622376,3.8730518377622376,6.173015153846154,9.294697816783216,19.42223350559441,0.3355048561538462,0.8432430022377622,0.8432430022377622,1.3439923009790211,2.023646787832168,4.228619494825175,4.479409784125874,11.258349594545455,11.258349594545455,17.94397943944056,27.01821759062937,56.457363292727266,0.32980597333333334,0.8289196833333334,0.8289196833333334,1.3211632555555555,1.989273143333333,4.156792195555557,1.5528686066666668,3.9029110044444444,3.9029110044444444,6.220605775555557,9.366354967777777,19.571968557777776,2.2530705444444443,5.662767422222222,5.662767422222222,9.0255309,13.589725633333334,28.397138933333338,2.448459372222222,6.153849031111111,6.153849031111111,9.80823518888889,14.76824208666667,30.859771014444444,0.5330799381111111,1.339819436888889,1.339819436888889,2.135454433777778,3.2153498962222224,6.718806530666666,7.117284434777776,17.888266578,17.888266578,28.510989553777783,42.92894572733333,89.70447723177777,0.07476709722921915,0.18791630100755669,0.18791630100755669,0.29950804282115867,0.45096872267002514,0.9423458377833753,0.3520357042821159,0.8847909078085643,0.8847909078085643,1.4102128962216625,2.123355030478589,4.436970202015114,0.5107716599496221,1.2837508010075567,1.2837508010075567,2.0460901284634763,3.08079422418136,6.437638549118388,0.5550663564231737,1.3950791254408061,1.3950791254408061,2.2235293879093194,3.347964201007557,6.995917862216626,0.12084935624685138,0.3037374038287154,0.3037374038287154,0.4841080580352645,0.7289206313853904,1.5231551328967254,1.6134901741309822,4.055274539093199,4.055274539093199,6.463448513450882,9.732002809722923,20.336027584030226
"深圳","北京中医药大学深圳医院（龙岗）",114.22241799999999,22.713368,114.22241799999999,22.713368,1,51,57,69,178,76,4452,6572,4692,15792,76,87.29411764705883,115.29824561403508,68,88.71910112359551,37.3888964,56.43986378000001,127.19268978999996,127.19268978999996,127.19268978999996,127.19268978999996,184.22172298,278.08921918000004,626.7009406799998,626.7009406799998,626.7009406799998,626.7009406799998,246.1488827,371.57046049999997,837.3699518,837.3699518,837.3699518,837.3699518,222.27199239,335.52744912,756.1435451900002,756.1435451900002,756.1435451900002,756.1435451900002,28.689479720000005,43.30778634,97.59828354100001,97.59828354100001,97.59828354100001,97.59828354100001,718.7209741899999,1084.9347789199999,2445.005411001,2445.005411001,2445.005411001,2445.005411001,0.7331156156862746,1.1066639956862745,2.493974309607843,2.493974309607843,2.493974309607843,2.493974309607843,3.612190646666666,5.452729787843136,12.288253738823526,12.288253738823526,12.288253738823526,12.288253738823526,4.826448680392157,7.285695303921568,16.419018662745092,16.419018662745092,16.419018662745092,16.419018662745092,4.3582743605882355,6.578969590588236,14.826344023333334,14.826344023333334,14.826344023333334,14.826344023333334,0.5625388180392157,0.8491722811764706,1.9136918341372546,1.9136918341372546,1.9136918341372546,1.9136918341372546,14.092568121372548,21.273230959215685,47.94128256864706,47.94128256864706,47.94128256864706,47.94128256864706,0.655945550877193,0.9901730487719298,2.231450698070176,2.231450698070176,2.231450698070176,2.231450698070176,3.2319600522807015,4.878758231228071,10.994753345263156,10.994753345263156,10.994753345263156,10.994753345263156,4.318401450877193,6.5187800087719285,14.690700908771934,14.690700908771934,14.690700908771934,14.690700908771934,3.899508638421053,5.886446475789474,13.265676231403512,13.265676231403512,13.265676231403512,13.265676231403512,0.5033242056140351,0.759785725263158,1.7122505884385968,1.7122505884385968,1.7122505884385968,1.7122505884385968,12.609139898070172,19.033943489824555,42.894831771947366,42.894831771947366,42.894831771947366,42.894831771947366,0.5418680637681159,0.8179690402898552,1.8433723157971014,1.8433723157971014,1.8433723157971014,1.8433723157971014,2.6698800431884058,4.030278538840579,9.082622328695653,9.082622328695653,9.082622328695653,9.082622328695653,3.567375111594203,5.38507913768116,12.135796402898551,12.135796402898551,12.135796402898551,12.135796402898551,3.2213332230434784,4.8627166539130435,10.958602104202898,10.958602104202898,10.958602104202898,10.958602104202898,0.41578956115942034,0.6276490773913045,1.4144678774057973,1.4144678774057973,1.4144678774057973,1.4144678774057973,10.41624600275362,15.723692448115937,35.434861029,35.434861029,35.434861029,35.434861029,0.21004997977528087,0.31707788640449436,0.7145656729775279,0.7145656729775279,0.7145656729775279,0.7145656729775279,1.0349534998876404,1.5622989841573034,3.5207918015730346,3.5207918015730346,3.5207918015730346,3.5207918015730346,1.3828588915730338,2.0874744971910113,4.704325571910112,4.704325571910112,4.704325571910112,4.704325571910112,1.2487190583707866,1.8849856692134832,4.24799744488764,4.24799744488764,4.24799744488764,4.24799744488764,0.16117685235955057,0.2433021704494382,0.5483049637134831,0.5483049637134831,0.5483049637134831,0.5483049637134831,4.037758281966292,6.0951392074157305,13.735985455061796,13.735985455061796,13.735985455061796,13.735985455061796
"深圳","深圳平乐骨伤科医院坪山院区",114.36770678724,22.743759083723003,114.36770678724,22.743759083723003,25,19,19,30,93,2931,4060,4443,15988,27422,117.24,213.68421052631578,233.8421052631579,532.9333333333333,294.86021505376345,0.572798388,0.572798388,1.4257118344000002,3.6683977631999998,7.345399048000002,15.559982467999992,2.822279192,2.822279192,7.024734968,18.074846208,36.19208362,76.66679301999997,3.7710041199999997,3.7710041199999997,9.38613886,24.150806368,48.35825400000002,102.438762384,3.405209864,3.405209864,8.475666264,21.808134396,43.66741578800001,92.502016582,0.43952321240000003,0.43952321240000003,1.093986048,2.8148577044,5.636317141600001,11.939582219999998,11.0108147764,11.0108147764,27.4062379744,70.51704243959999,141.1994695976,299.10713667399995,0.7536820894736842,0.7536820894736842,1.8759366242105264,4.826839162105263,9.66499874736842,20.473661142105268,3.713525252631579,3.713525252631579,9.24307232631579,23.782692378947367,47.621162657894736,100.87735923684214,4.96184752631579,4.96184752631579,12.350182710526314,31.777376800000003,63.629281578947364,134.78784524210522,4.480539294736842,4.480539294736842,11.15219245263158,28.694913678947366,57.457126036842105,121.71317971315791,0.5783200163157896,0.5783200163157896,1.4394553263157894,3.7037601373684215,7.416206765263157,15.70997660526316,14.487914179473684,14.487914179473684,36.060839439999995,92.78558215736842,185.7887757863158,393.5620219394737,0.7536820894736842,0.7536820894736842,1.8759366242105264,4.826839162105263,9.66499874736842,20.473661142105268,3.713525252631579,3.713525252631579,9.24307232631579,23.782692378947367,47.621162657894736,100.87735923684214,4.96184752631579,4.96184752631579,12.350182710526314,31.777376800000003,63.629281578947364,134.78784524210522,4.480539294736842,4.480539294736842,11.15219245263158,28.694913678947366,57.457126036842105,121.71317971315791,0.5783200163157896,0.5783200163157896,1.4394553263157894,3.7037601373684215,7.416206765263157,15.70997660526316,14.487914179473684,14.487914179473684,36.060839439999995,92.78558215736842,185.7887757863158,393.5620219394737,0.47733199000000004,0.47733199000000004,1.1880931953333334,3.056998136,6.121165873333332,12.966652056666666,2.3518993266666666,2.3518993266666666,5.853945806666666,15.062371839999999,30.16006968333333,63.88899418333333,3.1425034333333333,3.1425034333333333,7.821782383333334,20.125671973333333,40.298545000000004,85.36563532000004,2.837674886666667,2.837674886666667,7.063055220000001,18.17344533,36.38951315666667,77.08501381833332,0.3662693436666667,0.3662693436666667,0.9116550400000001,2.345714753666666,4.696930951333333,9.949651850000004,9.175678980333332,9.175678980333332,22.83853164533333,58.764202033000004,117.66622466466667,249.2559472283334,0.1539780612903226,0.1539780612903226,0.38325586946236556,0.9861284309677418,1.9745696365591399,4.182790986021505,0.7586772021505377,0.7586772021505377,1.8883696150537632,4.858829625806452,9.729054736559139,20.609352962365595,1.0137107849462366,1.0137107849462366,2.5231556075268817,6.492152249462365,12.999530645161295,27.537301716129026,0.9153789956989249,0.9153789956989249,2.2784049096774193,5.862401719354839,11.738552631182795,24.866133489784943,0.11815140118279571,0.11815140118279571,0.294082270967742,0.7566821786021505,1.5151390165591399,3.2095651129032254,2.959896445268817,2.959896445268817,7.367268272688171,18.95619420419355,37.956846666021505,80.40514426720428
"深圳","罗湖区人民医院（春风院区）",114.132651,22.545837,114.132651,22.545837,21,26,18,33,98,1301,776,304,1704,4085,61.95238095238095,29.846153846153847,16.88888888888889,51.63636363636363,41.683673469387756,1.6744880404761906,4.139889789047619,4.139889789047619,3.392752090610119,3.5770392062351193,4.4396433737351195,8.103059542857144,20.03345073809524,20.03345073809524,16.417956748139883,17.30974542938988,21.483996196577383,11.34378680952381,28.045603571428572,28.045603571428572,22.98413352827381,24.232582981398807,30.0762782157738,12.21206252857143,30.192269142857143,30.192269142857143,24.74338422008929,26.08739254821429,32.37837583571429,2.4586059604761905,6.0784894128571425,6.0784894128571425,4.981487106949404,5.252070952730655,6.518609563668154,35.792002881904764,88.48970265428571,88.48970265428571,72.5197136940625,76.45883111796876,94.89690318546873,1.3524711096153847,3.3437571373076924,3.3437571373076924,2.6504336126113364,2.75389304594467,3.238162052260458,6.544778861538462,16.180864057692308,16.180864057692308,12.825783673076923,13.326436967813766,15.66987599500675,9.162289346153845,22.65221826923077,22.65221826923077,17.955311316464236,18.65619521997301,21.93686622874494,9.863588965384615,24.386063538461542,24.386063538461542,19.329646082591093,20.084177073819163,23.615957165047227,1.9857971219230772,4.909549141153846,4.909549141153846,3.8915607476855603,4.043467468124157,4.754506688299596,28.908925404615385,71.47245214384616,71.47245214384616,56.652735432429154,58.86416977567477,69.21536812935896,1.9535693805555556,4.829871420555556,4.829871420555556,3.7708058015079366,3.8911565708956917,4.454489904773243,9.453569466666668,23.372359194444442,23.372359194444442,18.24740647335601,18.829799081519276,21.555840398866213,13.234417944444445,32.71987083333334,32.71987083333334,25.545251060090706,26.360564988662134,30.17685575396826,14.247406283333332,35.224314,35.224314,27.50053470748299,28.37825443197279,32.486651680952384,2.8683736205555554,7.091570981666667,7.091570981666667,5.536573250147393,5.7132810678004535,6.540408323922904,41.75733669555555,103.23798642999998,103.23798642999998,80.60057129258502,83.17305614085032,95.21424606248297,1.0655832984848486,2.63447532030303,2.63447532030303,2.097282381218757,2.183372712605618,2.5863410828245965,5.156492436363637,12.74855956060606,12.74855956060606,10.149014862530413,10.565616874209246,12.515631831143551,7.218773424242425,17.847202272727273,17.847202272727273,14.207998984959081,14.791216247732804,17.521117671090472,7.7713125181818175,19.21326218181818,19.21326218181818,15.29550711134705,15.923365016456536,18.862218523025877,1.5645674293939396,3.8681296263636367,3.8681296263636367,3.079383597184252,3.205787729520018,3.7974554017827917,22.776729106666664,56.31162896181817,56.31162896181817,44.82918693723954,46.66935858052421,55.28276450986727,0.35881886581632655,0.8871192405102042,0.8871192405102042,0.705372810122795,0.733930619808025,0.8676029363213422,1.7363699020408163,4.292882301020408,4.292882301020408,3.4133882959183675,3.5515831520927015,4.1984404138360425,2.4308114591836736,6.00977219387755,6.00977219387755,4.778534478554134,4.9719988005880325,5.877559321169144,2.6168705418367346,6.469771959183673,6.469771959183673,5.144292885679695,5.352565362677274,6.327439286163957,0.5268441343877551,1.3025334456122448,1.3025334456122448,1.0356800213472845,1.0776106899429263,1.2738781744465584,7.669714903265305,18.962079140204082,18.962079140204082,15.077268491622277,15.687688625108958,18.544920131937044
"深圳","深圳市人民医院坂田院区",114.08450900000001,22.656236,114.08450900000001,22.656236,0,13,4,8,25,0,198,74,50,322,,15.23076923076923,18.5,6.25,12.88,,,,,,,,,,,,,,,,,,,,,,,,,,,,,,,,,,,,,1.3645627023076925,1.3645627023076925,1.3645627023076925,1.3645627023076925,1.3645627023076925,1.3645627023076925,9.553285826153846,9.553285826153846,9.553285826153846,9.553285826153846,9.553285826153846,9.553285826153846,13.421219576923079,13.421219576923079,13.421219576923079,13.421219576923079,13.421219576923079,13.421219576923079,8.976245482307693,8.976245482307693,8.976245482307693,8.976245482307693,8.976245482307693,8.976245482307693,0.9129609780769231,0.9129609780769231,0.9129609780769231,0.9129609780769231,0.9129609780769231,0.9129609780769231,34.228274565769226,34.228274565769226,34.228274565769226,34.228274565769226,34.228274565769226,34.228274565769226,4.4348287825,4.4348287825,4.4348287825,4.4348287825,4.4348287825,4.4348287825,31.048178935,31.048178935,31.048178935,31.048178935,31.048178935,31.048178935,43.618963625000006,43.618963625000006,43.618963625000006,43.618963625000006,43.618963625000006,43.618963625000006,29.1727978175,29.1727978175,29.1727978175,29.1727978175,29.1727978175,29.1727978175,2.9671231787499996,2.9671231787499996,2.9671231787499996,2.9671231787499996,2.9671231787499996,2.9671231787499996,111.24189233874999,111.24189233874999,111.24189233874999,111.24189233874999,111.24189233874999,111.24189233874999,2.21741439125,2.21741439125,2.21741439125,2.21741439125,2.21741439125,2.21741439125,15.5240894675,15.5240894675,15.5240894675,15.5240894675,15.5240894675,15.5240894675,21.809481812500003,21.809481812500003,21.809481812500003,21.809481812500003,21.809481812500003,21.809481812500003,14.58639890875,14.58639890875,14.58639890875,14.58639890875,14.58639890875,14.58639890875,1.4835615893749998,1.4835615893749998,1.4835615893749998,1.4835615893749998,1.4835615893749998,1.4835615893749998,55.620946169374996,55.620946169374996,55.620946169374996,55.620946169374996,55.620946169374996,55.620946169374996,0.7095726051999999,0.7095726051999999,0.7095726051999999,0.7095726051999999,0.7095726051999999,0.7095726051999999,4.9677086296,4.9677086296,4.9677086296,4.9677086296,4.9677086296,4.9677086296,6.979034179999999,6.979034179999999,6.979034179999999,6.979034179999999,6.979034179999999,6.979034179999999,4.667647650799999,4.667647650799999,4.667647650799999,4.667647650799999,4.667647650799999,4.667647650799999,0.4747397086,0.4747397086,0.4747397086,0.4747397086,0.4747397086,0.4747397086,17.7987027742,17.7987027742,17.7987027742,17.7987027742,17.7987027742,17.7987027742
"深圳","深圳市人民医院",114.134105,22.562839999999998,114.134105,22.562839999999998,2,277,215,212,706,96,35852,21920,17919,75787,48,129.42960288808663,101.95348837209302,84.52358490566037,107.34702549575071,13.327240755,13.327240755,13.327240755,13.327240755,24.185985205,24.185985205,64.49220439999999,64.49220439999999,64.49220439999999,64.49220439999999,117.03904444999999,117.03904444999999,90.28513425,90.28513425,90.28513425,90.28513425,163.84748975,163.84748975,97.19573754999999,97.19573754999999,97.19573754999999,97.19573754999999,176.38870099999997,176.38870099999997,19.56803103,19.56803103,19.56803103,19.56803103,35.511635525,35.511635525,284.868347985,284.868347985,284.868347985,284.868347985,516.97285593,516.97285593,0.09622556501805055,0.09622556501805055,0.09622556501805055,0.09622556501805055,0.17462805202166065,0.17462805202166065,0.4656476851985559,0.4656476851985559,0.4656476851985559,0.4656476851985559,0.8450472523465704,0.8450472523465704,0.651878225631769,0.651878225631769,0.651878225631769,0.651878225631769,1.183014366425993,1.183014366425993,0.7017742783393501,0.7017742783393501,0.7017742783393501,0.7017742783393501,1.2735646281588446,1.2735646281588446,0.14128542259927798,0.14128542259927798,0.14128542259927798,0.14128542259927798,0.25640170054151623,0.25640170054151623,2.0568111767870034,2.0568111767870034,2.0568111767870034,2.0568111767870034,3.7326559994945847,3.7326559994945847,0.12397433260465116,0.12397433260465116,0.12397433260465116,0.12397433260465116,0.22498590888372091,0.22498590888372091,0.5999274827906976,0.5999274827906976,0.5999274827906976,0.5999274827906976,1.0887352972093023,1.0887352972093023,0.8398617139534883,0.8398617139534883,0.8398617139534883,0.8398617139534883,1.5241626953488372,1.5241626953488372,0.9041463958139534,0.9041463958139534,0.9041463958139534,0.9041463958139534,1.6408251255813953,1.6408251255813953,0.18202819562790698,0.18202819562790698,0.18202819562790698,0.18202819562790698,0.33034079558139534,0.33034079558139534,2.649938120790698,2.649938120790698,2.649938120790698,2.649938120790698,4.809049822604652,4.809049822604652,0.12572868636792453,0.12572868636792453,0.12572868636792453,0.12572868636792453,0.22816967174528305,0.22816967174528305,0.6084170226415094,0.6084170226415094,0.6084170226415094,0.6084170226415094,1.104141928773585,1.104141928773585,0.8517465495283019,0.8517465495283019,0.8517465495283019,0.8517465495283019,1.5457310353773583,1.5457310353773583,0.9169409202830188,0.9169409202830188,0.9169409202830188,0.9169409202830188,1.6640443490566037,1.6640443490566037,0.1846040663207547,0.1846040663207547,0.1846040663207547,0.1846040663207547,0.33501542948113205,0.33501542948113205,2.68743724514151,2.68743724514151,2.68743724514151,2.68743724514151,4.8771024144339625,4.8771024144339625,0.037754223101983,0.037754223101983,0.037754223101983,0.037754223101983,0.0685155388243626,0.0685155388243626,0.18269746288951844,0.18269746288951844,0.18269746288951844,0.18269746288951844,0.3315553667138811,0.3315553667138811,0.2557652528328612,0.2557652528328612,0.2557652528328612,0.2557652528328612,0.4641571947592068,0.4641571947592068,0.2753420327195467,0.2753420327195467,0.2753420327195467,0.2753420327195467,0.4996847053824362,0.4996847053824362,0.055433515665722376,0.055433515665722376,0.055433515665722376,0.055433515665722376,0.1005995340651558,0.1005995340651558,0.8069924872096318,0.8069924872096318,0.8069924872096318,0.8069924872096318,1.4645123397450426,1.4645123397450426
"深圳","深圳市儿童医院",114.06068,22.552557999999998,114.06068,22.552557999999998,9,198,183,203,593,1618,27128,27782,35703,92231,179.77777777777777,137.010101010101,151.81420765027323,175.8768472906404,155.5328836424958,4.77836248,7.828857883333334,23.922996372222226,33.51247210888889,42.40109005222223,79.56131899666667,22.498589433333336,36.86163603333333,112.63977446666664,157.79115755555551,199.6426002111111,374.6089678333332,32.64339838888889,53.482867388888884,163.43002444444448,228.94055766666668,289.66317783333335,543.5233969444445,35.47427057777777,58.12096185555555,177.6028617222222,248.79454222222222,314.7830973111112,590.6583626555555,7.7234780999999995,12.654128342222222,38.66779432,54.167686703333345,68.53475167444445,128.59846823555554,103.11809897999998,168.94845150333333,516.2634513255556,723.2064162566668,915.0247170822222,1716.9505146655556,0.21719829454545456,0.3558571765151515,1.087408926010101,1.5232941867676766,1.92732227510101,3.616423590757577,1.022663156060606,1.6755289106060605,5.119989748484849,7.172325343434344,9.074663645959596,17.027680356060607,1.483790835858586,2.4310394267676765,7.428637474747474,10.406388984848483,13.166508083333335,24.70560895202021,1.6124668444444443,2.6418619025252523,8.0728573510101,11.308842828282826,14.308322605050504,26.848107393434336,0.3510671863636363,0.575187651919192,1.7576270145454544,2.4621675774242426,3.11521598520202,5.845384919797979,4.687186317272727,7.679475068333334,23.46652051479798,32.87301892075757,41.59203259464646,78.04320521207073,0.23500143344262298,0.38502579754098365,1.1765408051912567,1.648154366010929,2.085299510765027,3.9128517539344263,1.1064880049180328,1.8128673459016396,5.539661039344264,7.760220863387978,9.818488534972678,18.423391860655734,1.6054130355191256,2.6303049535519127,8.037542185792349,11.259371688524588,14.24573005737705,26.730658866120223,1.744636257923497,2.8584079601092895,8.734566969945357,12.235797158469945,15.481135933333336,29.048771933879785,0.37984318524590166,0.6223341807650273,1.9016948026229505,2.6639845919672127,3.370561557759563,6.324514831256831,5.07138191704918,8.308940237868853,25.39000580289618,35.567528668360666,45.00121559420766,84.44018924584701,0.21184858285714286,0.34709222142857143,1.0606254549261083,1.4857746255172413,1.8798512831034488,3.5273491180788183,0.9974744083743843,1.6342597256157636,4.993881626600985,6.995667083743843,8.851149763054186,16.608279362068966,1.4472442635467981,2.3711616083743845,7.245666108374384,10.150073985221672,12.842209854679801,24.097096416256154,1.5727509123152708,2.576791412315271,7.874018499999999,11.03029990147783,13.955900866009848,26.186823960098526,0.3424202113300493,0.5610204683743842,1.7143357087684723,2.401523055812808,3.038486527438425,5.701409921773401,4.571738378423646,7.490325436108375,22.88852739866995,32.0633386517734,40.56759829428573,76.12095877827585,0.07252152161888702,0.11881909097807757,0.3630808892917369,0.5086209932209106,0.6435241323271501,1.207507370944351,0.3414625715008432,0.5594514743676223,1.7095412650927484,2.3948067757166944,3.0299888733558187,5.685464941821249,0.4954310042158516,0.8117129957841485,2.480388229342327,3.4746459005059025,4.396237100337269,8.24909034148398,0.5383953376053963,0.8821056605396289,2.6954903128161893,3.77597112984823,4.777483770320406,8.964460816020237,0.11721973507588532,0.19205253807757167,0.5868636574704891,0.8221065435581789,1.0401564335075886,1.9517474099831364,1.5650301700168636,2.564141759747049,7.835364354013489,10.976151342849914,13.88739030984823,26.058270880252945
"深圳","深圳市宝安区妇幼保健院",113.883843,22.567455,113.883843,22.567455,22,93,38,94,247,3994,25837,7069,23873,60773,181.54545454545453,277.81720430107526,186.02631578947367,253.96808510638297,246.04453441295547,2.8147884000000003,6.8472790727272725,11.703984750000002,21.391156390909092,32.21505572272728,54.88727854545455,19.706297163636364,47.937712295454546,81.93944601818181,149.75920991818185,225.53719065,384.2651296363637,27.684982000000005,67.34673063636363,115.11508531818183,210.3937104090909,316.8526745000001,539.8463726818183,18.515991763636364,45.04216500909091,76.99011598636365,140.7134109681818,211.91422800909095,361.0546356454545,1.8832348177272726,4.581173599545454,7.830553613636363,14.311757970454545,21.55349031636363,36.72234598863637,70.605294145,171.7550606131818,293.5791856863636,536.5692456568181,808.072639198182,1376.7757624977276,0.6658639225806451,1.6197864473118282,2.7686845645161293,5.06027355483871,7.620765869892472,12.984087397849459,4.661704705376344,11.340103983870968,19.383524864516126,35.42690987311828,53.35288380967742,90.90142851612904,6.549135526881721,15.931484666666664,27.231525559139783,49.77055515053764,74.95439611827955,127.70559353763434,4.380127083870968,10.65513580860215,18.21271560967742,33.28704345483871,50.1302474860215,85.41077402365593,0.4454964084946237,1.0837184859139783,1.8523890268817205,3.385577154301075,5.09867512860215,8.687006577956991,16.7023276472043,40.63022939236559,69.44883962473118,126.93035918763444,191.1569684124731,325.68889005322586,1.6296143368421052,3.9642142000000007,6.775991171052633,12.384353700000004,18.65082173421053,31.776845473684215,11.408908884210526,27.753412381578944,47.438626642105255,86.70270047894738,130.57416300789475,222.46928557894736,16.02814747368421,38.990212473684224,66.64557571052633,121.80688497368422,183.4410220789474,312.54263681578936,10.719784705263159,26.0770429,44.57322504473683,81.46565898157894,122.68718463684212,209.03163116315793,1.0902938418421053,2.652258399736842,4.533478407894737,8.285754614473687,12.478336498947373,21.26030557236842,40.8767492418421,99.43714035499998,169.96689697631575,310.6453527486841,467.831527956842,797.0807046039474,0.6587802638297873,1.6025546765957448,2.739230473404255,5.006440857446809,7.539693892553195,12.84595880851064,4.61211210212766,11.219464579787234,19.177317153191492,35.050027853191494,52.78529993936168,89.93439204255317,6.479463872340426,15.762000787234046,26.941828478723405,49.24108115957447,74.15700892553191,126.34702339361704,4.3335299872340425,10.541783299999997,18.018963315957446,32.93292597127659,49.596946980851065,84.50214876808512,0.44075708500000005,1.0721895658510638,1.832682760638298,3.3495603760638293,5.044433903829788,8.594591614361704,16.524643310531914,40.19799290946809,68.71002218191491,125.58003621755321,189.12338364212772,322.22411462712785,0.25070989797570853,0.6098791076923076,1.0424601801619433,1.9052851846153849,2.869357189878542,4.888745457489876,1.755216751417004,4.269755751012146,7.298250252631581,13.338876996761137,20.08833277044534,34.226043935222656,2.4658688421052632,5.998494226720648,10.253165493927124,18.739520765182185,28.221695704453452,48.08348258704452,1.6491976469635627,4.011852753846154,6.85741923765182,12.533178304858296,18.87495148259109,32.15871248663967,0.16773751412955465,0.408039753805668,0.6974582165991903,1.2747314791497977,1.9197440767611336,3.2708162419028337,6.288730652591093,15.298021593076925,26.14875338097166,47.79159273056679,71.97408122412952,122.62780070829959
"深圳","深圳市龙岗区妇幼保健院",114.242217,22.733878,114.242217,22.733878,16,78,21,74,189,1294,19767,2239,13953,37253,80.875,253.42307692307693,106.61904761904762,188.55405405405406,197.1058201058201,9.940009673125001,9.940009673125001,11.119148527053571,13.245751915625,20.36100787026785,21.552525883482136,48.976190287499996,48.976190287499996,54.78601662321429,65.26416871964287,100.3222967544643,106.19311726875003,65.4398094375,65.4398094375,73.2026412232143,87.20308243750002,134.046195625,141.89052526785716,59.09202900624999,59.09202900624999,66.10185199553571,78.74422508839287,121.04347093839286,128.12688629910716,7.627229826250001,7.627229826250001,8.532013964464287,10.163812453392858,15.623534807410714,16.53781779455357,191.075268230625,191.075268230625,213.74167233348214,254.62104061455358,391.39650599553573,414.30087251375005,2.038976343205128,2.038976343205128,2.2390726335687643,2.599950784356643,4.016596181018647,4.218793177200466,10.046398007692307,10.046398007692307,11.032307931328669,12.810418590116548,19.790481712890443,20.786742163799538,13.423550653846153,13.423550653846153,14.740879684149185,17.116712132634035,26.443162384382283,27.774321354079248,12.121441847435896,12.121441847435896,13.310987566829835,15.4563599704662,23.878127550932405,25.080161672750585,1.5645599643589745,1.5645599643589745,1.718099090843823,1.995010349571096,3.082039486631702,3.2371905389953386,39.19492681653848,39.19492681653848,43.041346906720285,49.97845182714453,77.21040731585549,81.09720890682519,7.573340703333334,7.573340703333334,7.961762914039216,8.66229108909804,13.55984741334454,13.952347464756306,37.3151926,37.3151926,39.22901774588236,42.680644318823525,66.81177295170869,68.74569029759105,49.85890242857144,49.85890242857144,52.41607054621849,57.02798059327732,89.27092266470588,91.85493713529412,45.02249829047619,45.02249829047619,47.331616451652664,51.49616288224091,80.61148079411767,82.94484114823531,5.811222724761905,5.811222724761905,6.109269264408964,6.646802884291317,10.40482619641457,10.706001768649863,145.58115674714287,145.58115674714287,153.0477369222017,166.51388176773108,260.6588500202913,268.2038178145266,2.1491912806756757,2.1491912806756757,2.3768870593653304,2.787541506813607,4.29799410572507,4.528080342759552,10.589446548648647,10.589446548648647,11.711344047958992,13.734711349338305,21.176979194939417,22.310654880456656,14.149147986486488,14.149147986486488,15.648177572693385,18.351711048555448,28.295738715843424,29.810505819291706,12.776654920270271,12.776654920270271,14.130275911304754,16.571561749925444,25.55100061197577,26.918832543699903,1.6491307732432434,1.6491307732432434,1.823847710277726,2.1389536253811743,3.297963486985089,3.4745146845023305,41.313571509324326,41.313571509324326,45.690532301600186,53.58447928001398,82.61967611546876,87.04258827071016,0.8414823003703702,0.8414823003703702,0.9195340448384552,1.0603021178408194,1.6403008088213435,1.7191719775447478,4.1461325111111105,4.1461325111111105,4.530707304018913,5.224296568085107,8.082052985995723,8.470665218619837,5.539878047619047,5.539878047619047,6.053729797028031,6.980472950692333,10.798880119385341,11.318126526004725,5.0024998100529094,5.0024998100529094,5.4665070055611835,6.303354397050546,9.751369111347518,10.22024766950355,0.6456914138624337,0.6456914138624337,0.7055825624912754,0.8135975924912754,1.2586457873668806,1.3191657014094336,16.175684083015867,16.175684083015867,17.676060713937858,20.382023626160084,31.53124881291682,33.047377093082304
"深圳","深圳平乐骨伤科医院罗湖院区",114.113729,22.544601999999998,114.113729,22.544601999999998,11,5,10,7,33,3838,1591,2975,1427,9831,348.90909090909093,318.2,297.5,203.85714285714286,297.90909090909093,1.3700625454545454,5.4925449,10.961282045454546,17.87497637272727,38.59260597272728,65.84901223636362,6.629905872727273,26.579120090909093,53.04303159090909,86.49927362727273,186.7545059545455,318.6517056818182,9.281461818181818,37.20913918181818,74.25699345454547,121.09368136363639,261.44486318181816,446.0928605454545,9.991883654545454,40.05720064545454,79.94077116363636,130.36243229090908,281.45637145454543,480.23769301818186,2.01162614,8.064556734545455,16.09415733,26.245349651818188,56.66449114545454,96.6843436072727,29.284940030909084,117.40256155272726,234.29623558454543,382.07571330636364,824.9128377090909,1407.5156150890907,3.0141376,12.08359878,24.1148205,39.32494802,84.90373313999999,144.86782692,14.58579292,58.4740642,116.6946695,190.29840198,410.8599131,701.0337525000001,20.419216,81.86010619999999,163.3653856,266.40609900000004,575.1786989999998,981.4042931999999,21.98214404,88.12584142,175.86969656000002,286.79735103999997,619.2040172000001,1056.52292464,4.425577508,17.742024816,35.407146126,57.73976923400001,124.66188052,212.70555593600002,64.42686806799999,258.285635416,515.4517182860001,840.566569274,1814.8082429600001,3096.5343531960007,1.5070688,6.04179939,12.05741025,19.66247401,42.45186656999999,72.43391346,7.29289646,29.2370321,58.34733475,95.14920099,205.42995655,350.51687625000005,10.209608,40.930053099999995,81.6826928,133.20304950000002,287.5893494999999,490.70214659999994,10.99107202,44.06292071,87.93484828000001,143.39867551999998,309.60200860000003,528.26146232,2.212788754,8.871012408,17.703573063,28.869884617000004,62.33094026,106.35277796800001,32.213434033999995,129.142817708,257.72585914300004,420.283284637,907.4041214800001,1548.2671765980003,2.1529554285714285,8.631141985714287,17.224871785714285,28.089248585714287,60.64552367142857,103.47701922857142,10.418423514285715,41.767188714285716,83.35333535714287,135.9274299857143,293.47136649999993,500.738394642857,14.585154285714285,58.47150442857142,116.68956114285713,190.29007071428572,410.8419278571429,701.0030665714287,15.701531457142858,62.94702958571428,125.62121182857145,204.85525074285715,442.2885837142856,754.6592318857145,3.1611267914285714,12.67287486857143,25.29081866142857,41.24269231,89.04420037142857,151.93253995428574,46.01919147714285,184.4897395828571,368.17979877571423,600.4046923385714,1296.291602114286,2211.8102522828567,0.4566875151515152,1.8308483,3.653760681818182,5.958325457575758,12.864201990909091,21.949670745454544,2.2099686242424244,8.859706696969697,17.681010530303034,28.83309120909091,62.25150198484848,106.21723522727274,3.093820606060606,12.403046393939395,24.752331151515154,40.364560454545455,87.14828772727272,148.6976201818182,3.330627884848485,13.352400215151516,26.64692372121212,43.45414409696969,93.8187904848485,160.0792310060606,0.6705420466666666,2.6881855781818182,5.364719109999999,8.748449883939394,18.888163715151517,32.22811453575757,9.761646676969695,39.13418718424243,78.09874519484848,127.3585711021212,274.97094590303027,469.1718716963635
"深圳","深圳市康宁医院",114.137079,22.570428,114.137079,22.570428,0,88,60,107,255,0,4919,4715,5154,14788,,55.89772727272727,78.58333333333333,48.16822429906542,57.9921568627451,,,,,,,,,,,,,,,,,,,,,,,,,,,,,,,,,,,,,0.23769801522727274,0.6600180047727272,1.4837343115909096,2.252790294659092,4.022632966363637,6.080726638068182,1.1502508136363636,3.1939106863636364,7.179978144318183,10.901537371590909,19.466030102272725,29.425405971590912,1.6102806363636364,4.471279210227273,10.051529421590908,15.261484234090906,27.251249247727277,41.19376516818183,1.7335347136363635,4.813519788636364,10.820893361363638,16.429628457954546,29.33711380795455,44.34681741931819,0.3490056448863636,0.9690867884090909,2.1785274070454546,3.3077117255681814,5.9063243896590905,8.928168301477267,5.080769823750001,14.107814478409093,31.71466264590909,48.153152083863645,85.98335051397727,129.97488349863636,0.3486237556666667,0.9680264069999999,2.1761436570000003,3.3040924321666667,5.899861684000001,8.918399069166666,1.6870345266666666,4.68440234,10.530634611666667,15.988921478333332,28.550177483333336,43.15726209166666,2.3617449333333336,6.5578761750000005,14.742243151666667,22.38351021,39.96849889666665,60.41752224666666,2.54251758,7.059829023333333,15.870643596666666,24.096788405000005,43.027766918333334,65.04199888166666,0.5118749458333333,1.4213272896666669,3.1951735303333337,4.851310530833333,8.662609104833331,13.094646842166666,7.451795741500002,20.691461235000002,46.51483854733335,70.62462305633333,126.1089140871666,190.6298291313333,0.19548995644859812,0.5428185459813084,1.2202674712149533,1.8527621114953272,3.3083336545794397,5.000971440654205,0.9460006691588785,2.6267676672897196,5.905028754205608,8.965750361682243,16.009445317757013,24.20033388317756,1.324342953271028,3.6773137429906546,8.266678402803736,12.55150105233645,22.412242371962616,33.87898443738317,1.4257107925233645,3.9587826299065423,8.899426315887851,13.512217797196264,24.127719767289726,36.47214890560748,0.287032679906542,0.7970059568224299,1.7916860917757007,2.7203610453271025,4.857537815794393,7.3427926217757,4.178577051308412,11.602688542990656,26.083087035887853,39.60259236803738,70.71527892738317,106.89523128859813,0.08202911898039215,0.22777091929411764,0.5120338016470587,0.7774335134509804,1.3882027491764708,2.0984468398039215,0.3969493003921568,1.1022123152941177,2.477796379215686,3.7620991713725482,6.717688819607844,10.154649903921566,0.5557046901960785,1.543029688235294,3.468763094509804,5.266708284705881,9.404352681568628,14.21588758745098,0.5982394305882353,1.6611362407843138,3.7342690815686277,5.669832565882351,10.124180451372549,15.30399973686275,0.12044116372549019,0.33442995050980395,0.7518055365490196,1.1414848307843137,2.0382609658431368,3.081093374627451,1.753363703882353,4.868579114117647,10.944667893490198,16.61755836619608,29.67268566756863,44.854077442666664
"深圳","深圳龙城医院",114.237467,22.709564,114.237467,22.709564,0,5,5,13,23,0,9,113,107,229,,1.8,22.6,8.23076923076923,9.956521739130435,,,,,,,,,,,,,,,,,,,,,,,,,,,,,,,,,,,,,35.627220044000005,35.627220044000005,35.627220044000005,64.754903544,92.64425324599999,98.54799004599998,175.54163024000002,175.54163024000002,175.54163024000002,319.05889278000006,456.47466450000013,485.56342262000015,234.55092600000003,234.55092600000003,234.55092600000003,426.3123141,609.9211615999998,648.7882672999997,211.79906071999997,211.79906071999997,211.79906071999997,384.95924632,550.7577026800002,585.8546290600002,27.33769907,27.33769907,27.33769907,49.688133642000004,71.08836222400001,75.61845422400002,684.8565360739998,684.8565360739998,684.8565360739998,1244.7734903859996,1780.8861442500001,1894.3727632500002,35.627220044000005,35.627220044000005,35.627220044000005,64.754903544,92.64425324599999,98.54799004599998,175.54163024000002,175.54163024000002,175.54163024000002,319.05889278000006,456.47466450000013,485.56342262000015,234.55092600000003,234.55092600000003,234.55092600000003,426.3123141,609.9211615999998,648.7882672999997,211.79906071999997,211.79906071999997,211.79906071999997,384.95924632,550.7577026800002,585.8546290600002,27.33769907,27.33769907,27.33769907,49.688133642000004,71.08836222400001,75.61845422400002,684.8565360739998,684.8565360739998,684.8565360739998,1244.7734903859996,1780.8861442500001,1894.3727632500002,13.702776939999998,13.702776939999998,13.702776939999998,24.90573213230769,35.63240509461537,37.903073094615365,67.51601163076923,67.51601163076923,67.51601163076923,122.71495876153847,175.56717865384613,186.75516254615383,90.21189461538462,90.21189461538462,90.21189461538462,163.9662746538461,234.58506215384605,249.53394896153836,81.46117720000001,81.46117720000001,81.46117720000001,148.06124858461538,211.82988564615383,225.32870348461535,10.51449964230769,10.51449964230769,10.51449964230769,19.11082063153846,27.34167777846153,29.084020855384605,263.40636002846156,263.40636002846156,263.40636002846156,478.7590347638463,684.9562093269232,728.6049089423078,7.7450478356521755,7.7450478356521755,7.7450478356521755,14.077152944347823,20.140055053478264,21.423476096956524,38.161223965217395,38.161223965217395,38.161223965217395,69.3606288652174,99.2336227173913,105.55726578695652,50.989331739130435,50.989331739130435,50.989331739130435,92.67659002173913,132.59155686956518,141.04092767391302,46.043274069565214,46.043274069565214,46.043274069565214,83.68679267826086,119.72993536521739,127.35970196956521,5.942978058695652,5.942978058695652,5.942978058695652,10.801768183043478,15.453991787826087,16.43879439652174,148.88185566826087,148.88185566826087,148.88185566826087,270.6029326926087,387.1491617934783,411.8201659239131
"深圳","深圳市第二人民医院",114.092751,22.562219,114.092751,22.562219,10,509,728,235,1482,422,53008,103288,18992,175710,42.2,104.14145383104126,141.87912087912088,80.81702127659574,118.56275303643724,2.68393313,2.68393313,10.87524451,20.48771087,24.6289394,43.022250220000004,12.987892059999998,12.987892059999998,52.62668477,99.1426259,119.18255460000002,208.19011479,18.182253000000003,18.182253000000003,73.67413410000002,138.7936021,166.84827460000002,291.4534036,19.57395875,19.57395875,79.31329816,149.41713854999998,179.61917114999997,313.76182404,3.9407471870000004,3.9407471870000004,15.967830535000001,30.081557709,36.162012752,63.168419171999986,57.36878412700001,57.36878412700001,232.457192075,437.9226351289999,526.440952502,919.596011822,0.05272953104125737,0.05272953104125737,0.21365902770137526,0.40250905442043217,0.48386914341846754,0.8452308491159137,0.2551648734774067,0.2551648734774067,1.0339230799607073,1.9477922573673871,2.3415040196463655,4.090179072495088,0.35721518664047147,0.35721518664047147,1.4474289607072692,2.726789825147348,3.2779621728880155,5.726000070726915,0.3845571463654224,0.3845571463654224,1.558218038506876,2.9355037043222008,3.5288638732809434,6.164279450687624,0.07742135927308448,0.07742135927308448,0.3137098336935167,0.5909932752259333,0.710452116935167,1.2410298462082516,1.1270880967976424,1.1270880967976424,4.566938940569745,8.603588116483301,10.342651326168959,18.06671928923379,0.03686721332417582,0.03686721332417582,0.14938522678571428,0.28142459986263735,0.33830960714285707,0.5909649755494506,0.1784051107142857,0.1784051107142857,0.7228940215659342,1.361849256868132,1.637123002747253,2.859754324038462,0.24975622252747254,0.24975622252747254,1.0120073365384616,1.906505523351648,2.291871903846154,4.003480818681319,0.2688730597527472,0.2688730597527472,1.0894683813186814,2.05243322184066,2.467296307005495,4.3099151653846155,0.05413114267857143,0.05413114267857143,0.21933833152472526,0.4132082102884616,0.4967309443956044,0.8676980655494506,0.7880327489972528,0.7880327489972528,3.193093297733517,6.015420812211539,7.231331765137361,12.631813349203297,0.11420992042553191,0.11420992042553191,0.4627763621276596,0.8718174838297873,1.048039974468085,1.8307340519148936,0.5526762578723403,0.5526762578723403,2.2394333944680853,4.218835144680851,5.071598068085105,8.859153820851065,0.7737128936170212,0.7737128936170212,3.135069536170213,5.906110727659574,7.099926578723404,12.402272493617021,0.8329344148936171,0.8329344148936171,3.3750339642553193,6.358176108510638,7.643368985106383,13.351566980425533,0.16769136965957449,0.16769136965957449,0.679482150425532,1.2800662854893616,1.5388090532765957,2.6880178371063828,2.441224856468086,2.441224856468086,9.891795407446809,18.635005750170215,22.40174265965958,39.131745183914894,0.018110210053981106,0.018110210053981106,0.07338221666666667,0.13824366309041838,0.1661871754385965,0.29029858448043194,0.08763759824561403,0.08763759824561403,0.35510583515519567,0.6689785823211876,0.8042007732793522,1.4047915977732792,0.12268726720647774,0.12268726720647774,0.4971264109311741,0.9365290290148448,1.1258318124156546,1.9666221565452093,0.13207799426450742,0.13207799426450742,0.5351774504723347,1.0082128107287447,1.2120052034412954,2.117151309311741,0.026590736754385967,0.026590736754385967,0.10774514531039137,0.20297947172064776,0.24400818321187584,0.42623764623481786,0.38710380652496634,0.38710380652496634,1.5685370585357625,2.9549435568758433,3.5522331477867746,6.2051012943454795
"深圳","深圳市宝安区人民医院",113.92093700000001,22.567712,113.92093700000001,22.567712,1,98,99,145,343,11,3773,5690,4595,14069,11,38.5,57.474747474747474,31.689655172413794,41.01749271137026,34.33288641,51.73395383,92.90043457999998,151.23783524,189.70104524,301.86519498,146.82240900000002,221.23696939999996,397.2828065000001,646.7590016,811.2444823999999,1290.9073522000003,241.344637,363.666259,653.0479620000001,1063.1334655000003,1333.5124154999999,2121.9755739999996,225.6474964,340.0132767,610.5734919,993.9868889,1246.7802975000002,1983.9615398000003,36.13792421,54.45384568,97.78463659000002,159.18910355000003,199.67450191,317.73563696,684.2853530199999,1031.1043046099999,1851.5893315700002,3014.3062947900003,3780.912742550001,6016.4452979399975,0.35033557561224493,0.5278974880612245,0.9479636181632652,1.5432432167346941,1.9357249514285715,3.080257091632653,1.4981878469387755,2.2575200959183674,4.05390618877551,6.599581648979593,8.27800492244898,13.17252400204082,2.4627003775510206,3.710880193877551,6.663754714285714,10.848300668367347,13.607269545918365,21.652811979591835,2.3025254734693874,3.469523231632653,6.230341754081633,10.142723356122447,12.722247933673469,20.244505508163265,0.3687543286734694,0.5556514865306122,0.9978024141836734,1.6243786076530613,2.0374949174489796,3.242200377142857,6.982503602244898,10.52147249602041,18.893768689489796,30.75822749785714,38.58074227091836,61.39229895857142,0.3467968324242424,0.5225651902020202,0.9383882280808081,1.5276549014141414,1.9161721741414144,3.049143383636363,1.4830546363636365,2.2347168626262626,4.0129576414141415,6.532919208080809,8.194388711111113,13.039468204040404,2.4378246161616164,3.6733965555555557,6.59644406060606,10.738721873737372,13.469822378787875,21.4340967070707,2.27926764040404,3.434477542424242,6.167409009090908,10.040271605050505,12.593740378787878,20.04001555353536,0.36502953747474753,0.5500388452525252,0.987723601919192,1.6079707429292933,2.0169141607070706,3.2094508783838385,6.9119732628282815,10.415194996060606,18.702922541111107,30.447538331212122,38.19103780353535,60.77217472666666,0.23677852696551727,0.3567858884827586,0.6406926522758621,1.0430195533793103,1.3082830706206898,2.0818289308965525,1.0125683379310346,1.5257722027586205,2.739881424137931,4.460406907586207,5.5947895337931035,8.902809325517241,1.664445772413793,2.508043165517241,4.503779048275861,7.3319549344827575,9.19663734827586,14.634314303448278,1.5561896303448277,2.3449191496551722,4.210851668275861,6.855081992413793,8.598484810344825,13.682493377931035,0.2492270635172414,0.37554376331034484,0.6743768040689655,1.0978558865517243,1.377065530413793,2.191280254896552,4.719209331172413,7.111064169724138,12.769581597034485,20.788319274413794,26.07526029344828,41.49272619268965,0.10009587874635568,0.15082785373177846,0.27084674804664727,0.4409266333527697,0.5530642718367347,0.8800734547521867,0.42805367055393584,0.6450057416909621,1.1582589110787171,1.8855947568513123,2.365144263556852,3.763578286297376,0.7036286793002916,1.0602514839650148,1.903929918367347,3.0995144766763842,3.887791298833819,6.186517708454811,0.6578644209912536,0.9912923518950437,1.7800976440233236,2.897920958892128,3.634927981049563,5.78414443090379,0.10535837962099126,0.15875756758017495,0.28508640405247815,0.46410817361516027,0.5821414049854228,0.9263429648979594,1.995001029212828,3.006134998862974,5.3982196255685135,8.788064999387755,11.02306922026239,17.540656845306128
"深圳","深圳市第三人民医院",114.136544,22.64085,114.136544,22.64085,8,227,244,308,787,559,14484,31591,12370,59004,69.875,63.80616740088106,129.47131147540983,40.16233766233766,74.97331639135959,7.410845642499999,7.701742134999999,8.455041081249998,11.9130319875,11.9130319875,11.9130319875,36.51455050250001,37.94784910125001,41.659486613750005,58.6976211225,58.6976211225,58.6976211225,48.78911989999999,50.70422984999999,55.663554887499984,78.42915328749997,78.42915328749997,78.42915328749997,44.056486911250005,45.785827698750005,50.26408931625001,70.82138345375,70.82138345375,70.82138345375,5.68653599975,5.90974850225,6.487774526625,9.141181553500001,9.141181553500001,9.141181553500001,142.457538956,148.04939728725,162.52994642537502,229.00237140475002,229.00237140475002,229.00237140475002,0.26117517682819386,0.2714270355947137,0.2979750160792952,0.4198425370044053,0.4198425370044053,0.4198425370044053,1.2868564053744493,1.3373691313215859,1.46817573969163,2.0686386298678414,2.0686386298678414,2.0686386298678414,1.7194403488986785,1.7869332105726874,1.961711185462555,2.764023023348018,2.764023023348018,2.764023023348018,1.5526515211013217,1.613597451938326,1.7714216499118942,2.4959077869162996,2.4959077869162996,2.4959077869162996,0.20040655505726876,0.20827307496916303,0.22864403618061677,0.3221561780969163,0.3221561780969163,0.3221561780969163,5.020530007259913,5.217599904396477,5.727927627325992,8.070568155233481,8.070568155233481,8.070568155233481,0.24297854565573776,0.2525161355737705,0.2772144616803278,0.390591212704918,0.390591212704918,0.390591212704918,1.1971983771311476,1.2441917738114754,1.3658848070081968,1.9245121679508195,1.9245121679508195,1.9245121679508195,1.599643275409836,1.6624337655737704,1.8250345864754098,2.571447648770492,2.571447648770492,2.571447648770492,1.444474980696721,1.5011746786475406,1.648002928401639,2.322012572254098,2.322012572254098,2.322012572254098,0.1864438032704918,0.1937622459754098,0.2127139189057377,0.29971087060655743,0.29971087060655743,0.29971087060655743,4.670738982163935,4.8540785995819675,5.328850702471312,7.508274472286886,7.508274472286886,7.508274472286886,0.19248949720779218,0.20004525025974024,0.21961145665584414,0.3094294022727272,0.3094294022727272,0.3094294022727272,0.9484298831818182,0.9856584182142857,1.0820645873701298,1.5246135356493506,1.5246135356493506,1.5246135356493506,1.2672498675324675,1.3169929831168832,1.4458066204545454,2.0371208646103898,2.0371208646103898,2.0371208646103898,1.1443243353571428,1.1892422778896103,1.3055607614610387,1.8395164533441557,1.8395164533441557,1.8395164533441557,0.1477022337597403,0.15349996109740263,0.16851362406818185,0.23743328710389608,0.23743328710389608,0.23743328710389608,3.7001958170389617,3.8454388905779227,4.22155705000974,5.948113542980519,5.948113542980519,5.948113542980519,0.07533261135959339,0.07828962780177891,0.0859470503811944,0.12109816505717914,0.12109816505717914,0.12109816505717914,0.37117713344345615,0.38574687777636596,0.4234763569377382,0.5966721333926304,0.5966721333926304,0.5966721333926304,0.49595039288437104,0.5154178383735705,0.5658302911054638,0.7972467932655655,0.7972467932655655,0.7972467932655655,0.44784230659466323,0.46542137432020325,0.5109437287547649,0.7199124112198221,0.7199124112198221,0.7199124112198221,0.05780468614739517,0.06007368236086404,0.0659494233964422,0.09292179469885645,0.09292179469885645,0.09292179469885645,1.4481071304294793,1.5049494006327828,1.6521468505756036,2.3278512976340537,2.3278512976340537,2.3278512976340537
"深圳","深圳市中医院",114.092909,22.542927,114.092909,22.542927,31,116,225,97,469,575,7670,21692,3733,33670,18.548387096774192,66.12068965517241,96.4088888888889,38.48453608247423,71.7910447761194,2.8137006903225807,6.345921153548387,8.730483837419355,14.819124658064517,25.19711506967742,32.02496383451612,13.24811524516129,29.879330861290324,41.10687916129032,69.7748233967742,118.63887377741936,150.78732710322583,19.221805225806452,43.35218022580644,59.642327354838706,101.23689612903226,172.1341700161291,218.77863969354843,20.88874192580645,47.11173052580645,64.81457765483871,110.01627467741935,187.061840716129,237.75137153548386,4.547908575161291,10.257192230000001,14.111465976451612,23.952804719032258,40.72720827838711,51.763361210645165,60.72027166225807,136.94635499645162,188.40573398483875,319.79992358032257,543.7592078577418,691.1056633774192,0.7519372534482759,1.6958927220689655,2.333146542758621,3.960283313793103,6.733711785862069,8.558395507500004,3.54044459137931,7.984993592241378,10.985459086206896,18.64672004568966,31.705216268103452,40.29661327758621,5.1368617413793105,11.585496439655174,15.938897827586212,27.05468775862069,46.00137302155171,58.466705435344814,5.582336204310345,12.59020384741379,17.32113713189655,29.40090099137931,49.990664329310356,63.537004462068985,1.2153893606034485,2.741146199396552,3.771167631637931,6.4011805714655186,10.88399531577586,13.833312047672413,16.22696915112069,36.59773280077586,50.3498082200862,85.4637726809483,145.31496072060344,184.69203073017246,0.3876654284444444,0.8743269144888889,1.2028666620444446,2.041746064,3.471602520711111,4.412328350533332,1.8252958782222222,4.116707807555556,5.663614462222222,9.613420112444443,16.345800387111108,20.775142845333328,2.648337608888889,5.972967053333333,8.217387324444443,13.948194577777778,23.71626342444445,30.142834802222225,2.878004443111111,6.490949539111112,8.930008476888888,15.157797844444442,25.772964720888886,32.756855633777775,0.6266007370222222,1.4132131516888888,1.944246423422222,3.3001642057333336,5.611304251688891,7.131840877911111,8.36590409568889,18.868164466177774,25.958123349022216,44.06132280440001,74.91793530484446,95.21900250977777,0.8992239319587629,2.02807789443299,2.7901546284536085,4.736008911340205,8.052686259381442,10.234782256391748,4.23393373814433,9.549064502061857,13.13725004123711,22.299170363917522,37.915516361855666,48.18976433195877,6.143051154639175,13.854820484536083,19.06094997938144,32.35405958762887,55.011951242268026,69.91894670618552,6.675783502061855,15.056326250515465,20.713937188659788,35.159840360824745,59.78265012577317,75.98239708865977,1.4534553178350518,3.2780717436082476,4.509849951237115,7.6550200648453615,13.015911924020616,16.542929871443295,19.405447644639175,43.76636087515464,60.21214178896907,102.2040992885567,173.77871591329895,220.86882025463913,0.18598021620469085,0.4194532105756929,0.5770682280597015,0.9795157023454159,1.6654809534328359,2.116788654307036,0.8756749948827292,1.974966432196162,2.717085829424307,4.611981930277185,7.8418018914712135,9.966752964179104,1.2705244392324093,2.865495921108742,3.9422433859275046,6.691564562899787,11.377738316631131,14.460848252665244,1.3807057562899785,3.113994981449893,4.28411920533049,7.271864637526654,12.364428704051175,15.71490941918977,0.300608029488273,0.6779807230916844,0.9327408214712152,1.5832344270575698,2.6919903126439233,3.4214588433475477,4.013493436098081,9.051891268422173,12.45325747021322,21.138161260106607,35.94144017823028,45.680758133688705
"深圳","华中科技大学协和深圳医院 （南山区人民医院）",113.93018300000001,22.537879999999998,113.93018300000001,22.537879999999998,27,150,147,87,411,1759,13769,10059,7652,33239,65.14814814814815,91.79333333333334,68.42857142857143,87.95402298850574,80.8734793187348,2.00515953037037,2.00515953037037,2.00515953037037,2.00515953037037,5.2007885537037035,6.825011354444444,8.574937414814814,8.574937414814814,8.574937414814814,8.574937414814814,22.240842233333332,29.186728062962963,14.09536308888889,14.09536308888889,14.09536308888889,14.09536308888889,36.55918755185184,47.97673812592593,13.17859562962963,13.17859562962963,13.17859562962963,13.17859562962963,34.181365048148145,44.856314118518526,2.110579955185185,2.110579955185185,2.110579955185185,2.110579955185185,5.474217888518519,7.183833578148148,39.964635618888884,39.964635618888884,39.964635618888884,39.964635618888884,103.65640127555557,136.02862524,0.3609287154666667,0.3609287154666667,0.3609287154666667,0.3609287154666667,0.9361419396666668,1.2285020438,1.5434887346666668,1.5434887346666668,1.5434887346666668,1.5434887346666668,4.003351602,5.2536110513333325,2.537165356,2.537165356,2.537165356,2.537165356,6.580653759333334,8.635812862666668,2.3721472133333332,2.3721472133333332,2.3721472133333332,2.3721472133333332,6.152645708666666,8.074136541333333,0.3799043919333333,0.3799043919333333,0.3799043919333333,0.3799043919333333,0.9853592199333331,1.2930900440666668,7.1936344114,7.1936344114,7.1936344114,7.1936344114,18.6581522296,24.485152543199995,0.3682946076190476,0.3682946076190476,0.3682946076190476,0.3682946076190476,0.9552468772108842,1.2535735140816329,1.5749885047619046,1.5749885047619046,1.5749885047619046,1.5749885047619046,4.085052655102041,5.360827603401361,2.5889442408163266,2.5889442408163266,2.5889442408163266,2.5889442408163266,6.71495281564626,8.812053941496599,2.420558380952381,2.420558380952381,2.420558380952381,2.420558380952381,6.27820990680272,8.238914838095237,0.3876575427891157,0.3876575427891157,0.3876575427891157,0.3876575427891157,1.0054685917687074,1.319479636802721,7.340443276938776,7.340443276938776,7.340443276938776,7.340443276938776,19.03893084653061,24.98484953387755,0.6222908887356321,0.6222908887356321,0.6222908887356321,0.6222908887356321,1.6140378270114946,2.118106972068966,2.6611874735632184,2.6611874735632184,2.6611874735632184,2.6611874735632184,6.902330348275863,9.057950088505748,4.374423027586207,4.374423027586207,4.374423027586207,4.374423027586207,11.345954757471265,14.88933252183908,4.089908988505747,4.089908988505747,4.089908988505747,4.089908988505747,10.60800984252874,13.92092507126437,0.6550075722988505,0.6550075722988505,0.6550075722988505,0.6550075722988505,1.6988952067816094,2.229465593218391,12.402817950689656,12.402817950689656,12.402817950689656,12.402817950689656,32.16922798206896,42.21578024689656,0.13172580856447688,0.13172580856447688,0.13172580856447688,0.13172580856447688,0.34165764221411193,0.4483584101459854,0.5633170564476885,0.5633170564476885,0.5633170564476885,0.5633170564476885,1.4610772270072991,1.917376296107056,0.9259727576642336,0.9259727576642336,0.9259727576642336,0.9259727576642336,2.4016984523114355,3.1517565192214105,0.8657471581508515,0.8657471581508515,0.8657471581508515,0.8657471581508515,2.2454911345498787,2.946765161070559,0.1386512379318735,0.1386512379318735,0.1386512379318735,0.1386512379318735,0.35962015326034064,0.47193067301703173,2.625414018759124,2.625414018759124,2.625414018759124,2.625414018759124,6.809544609343065,8.936187059562045
"深圳","深圳市龙岗中心医院",114.288821,22.741699,114.288821,22.741699,58,149,89,99,395,867,11151,5742,7469,25229,14.948275862068966,74.83892617449665,64.51685393258427,75.44444444444444,63.870886075949365,0.9274417036206896,0.9274417036206896,0.9274417036206896,0.9274417036206896,1.9963947687931034,1.9963947687931034,4.56966974224138,4.56966974224138,4.56966974224138,4.56966974224138,9.836591112931034,9.836591112931034,6.105789660344828,6.105789660344828,6.105789660344828,6.105789660344828,13.143215889655169,13.143215889655169,5.513516990689656,5.513516990689656,5.513516990689656,5.513516990689656,11.868300135344827,11.868300135344827,0.7116503166896553,0.7116503166896553,0.7116503166896553,0.7116503166896553,1.5318860118275863,1.5318860118275863,17.828068413586205,17.828068413586205,17.828068413586205,17.828068413586205,38.37638791855174,38.37638791855174,0.36101757590604033,0.36101757590604033,0.36101757590604033,0.36101757590604033,0.777120111342282,0.777120111342282,1.7787976177852347,1.7787976177852347,1.7787976177852347,1.7787976177852347,3.8290086211409404,3.8290086211409404,2.3767503375838928,2.3767503375838928,2.3767503375838928,2.3767503375838928,5.116151151677853,5.116151151677853,2.1462012446979863,2.1462012446979863,2.1462012446979863,2.1462012446979863,4.619875220469798,4.619875220469798,0.27701824408053694,0.27701824408053694,0.27701824408053694,0.27701824408053694,0.5963046220536914,0.5963046220536914,6.939785020053691,6.939785020053691,6.939785020053691,6.939785020053691,14.938459726684565,14.938459726684565,0.6044002113483146,0.6044002113483146,0.6044002113483146,0.6044002113483146,1.3010213099999999,1.3010213099999999,2.9779870230337075,2.9779870230337075,2.9779870230337075,2.9779870230337075,6.410362747752809,6.410362747752809,3.979053935955056,3.979053935955056,3.979053935955056,3.979053935955056,8.565241815730339,8.565241815730339,3.5930784883146067,3.5930784883146067,3.5930784883146067,3.5930784883146067,7.734397841011237,7.734397841011237,0.46377211649438205,0.46377211649438205,0.46377211649438205,0.46377211649438205,0.998307738044944,0.998307738044944,11.618291775146066,11.618291775146066,11.618291775146066,11.618291775146066,25.009331452539325,25.009331452539325,0.5433496849494949,0.5433496849494949,0.5433496849494949,0.5433496849494949,1.1696050160606057,1.1696050160606057,2.677180253030303,2.677180253030303,2.677180253030303,2.677180253030303,5.7628513590909085,5.7628513590909085,3.5771292959595957,3.5771292959595957,3.5771292959595957,3.5771292959595957,7.700065874747474,7.700065874747474,3.2301412672727268,3.2301412672727268,3.2301412672727268,3.2301412672727268,6.953145533838385,6.953145533838385,0.4169264481616162,0.4169264481616162,0.4169264481616162,0.4169264481616162,0.8974685725858587,0.8974685725858587,10.44472694937374,10.44472694937374,10.44472694937374,10.44472694937374,22.483136356323232,22.483136356323232,0.136181313443038,0.136181313443038,0.136181313443038,0.136181313443038,0.29314151035443037,0.29314151035443037,0.6709894811392404,0.6709894811392404,0.6709894811392404,0.6709894811392404,1.4443602140506326,1.4443602140506326,0.8965463298734176,0.8965463298734176,0.8965463298734176,0.8965463298734176,1.929889928101266,1.929889928101266,0.8095797100253165,0.8095797100253165,0.8095797100253165,0.8095797100253165,1.7426871084810132,1.7426871084810132,0.10449548953924051,0.10449548953924051,0.10449548953924051,0.10449548953924051,0.2249351612303797,0.2249351612303797,2.617792324020253,2.617792324020253,2.617792324020253,2.617792324020253,5.6350139222177225,5.6350139222177225
"深圳","香港大学深圳医院",114.001894,22.533554000000002,114.001894,22.533554000000002,0,0,61,24,85,0,0,7704,7252,14956,,,126.29508196721312,302.1666666666667,175.95294117647057,,,,,,,,,,,,,,,,,,,,,,,,,,,,,,,,,,,,,,,,,,,,,,,,,,,,,,,,,,,,,,,,,,,,,,,,,0.7620146139344263,1.0228998095081967,2.3302644336065574,2.8248578645901645,3.1697465444262294,4.644594486229507,3.5878930934426227,4.816252993442623,10.97188887704918,13.300647821311477,14.924532321311478,21.868751893442628,5.205705180327869,6.987943180327869,15.919208549180327,19.298025090163932,21.65413318852459,31.72956156557378,5.657149816393442,7.593945527868852,17.299740455737705,20.971571783606556,23.532004216393446,34.48118509344264,1.2316778073770491,1.6533580532786885,3.7665091403278685,4.56594230442623,5.123401087213114,7.507262883606558,16.444440511475406,22.074399564426226,50.28761145590164,60.96104486409836,68.40381735786885,100.2313559222951,1.93678714375,2.5998703491666664,5.922755435416666,7.1798470725,8.056439133749999,11.805010985833334,9.119228279166666,12.241309691666666,27.886884229166668,33.805813212500006,37.93318631666667,55.583077729166654,13.231167333333334,17.761022249999996,40.46132172916667,49.049147104166664,55.037588520833324,80.64596897916667,14.378589116666667,19.301278216666667,43.97017365833332,53.30274494999999,59.81051071666666,87.63967877916664,3.130514427083333,4.202285052083333,9.573210731666668,11.605103357083333,13.021977763333334,19.080959829166662,41.79628629999999,56.105765559583325,127.81434578375,154.94265569625003,173.85970245125,254.75469630249998,0.5468575464705883,0.734081039764706,1.6723074170588237,2.027250938117647,2.274759284823529,3.333179572470588,2.574840925882353,3.456369795294118,7.87394378235294,9.545170789411765,10.710546724705882,15.694045476470587,3.735859011764706,5.014876870588235,11.424373194117646,13.849170947058823,15.540024994117646,22.770626535294117,4.059836927058823,5.449772672941176,12.415107856470586,15.050186809411763,16.88767361411765,24.74532106705883,0.8839099558823529,1.186527544117647,2.703024206588236,3.276735065529412,3.676793721411765,5.387565128235294,11.801304367058822,15.841627922705882,36.088756456588236,43.74851454952941,49.08979833917647,71.93073777952938
